"bin","num_orders","avg_usd_price","sum_usd_volume","rush_orders","event"
2020-10-25 20:50:26,5,0.187460174892046,56.4005352978958,4,FALSE
2020-10-25 21:50:28,1,0.187590265228543,21.3852902360539,0,FALSE
2020-10-25 22:50:30,9,0.188630987920518,72.4519916472425,7,FALSE
2020-10-25 23:50:32,6,0.189767179077972,2030.09568537377,2,FALSE
2020-10-26 00:50:34,6,0.191013920572588,27.1199084069566,0,FALSE
2020-10-26 01:50:36,0,0.191013920572588,0,0,FALSE
2020-10-26 02:50:38,1,0.190160886918383,2.47209152993898,0,FALSE
2020-10-26 03:50:40,7,0.190357927021508,95.596548139124,4,FALSE
2020-10-26 04:50:42,20,0.191534590031943,3136.07062606433,12,FALSE
2020-10-26 05:50:44,6,0.190096446352522,170.977110576629,2,FALSE
2020-10-26 06:50:46,0,0.190096446352522,0,0,FALSE
2020-10-26 07:50:48,0,0.190096446352522,0,0,FALSE
2020-10-26 08:50:50,2,0.189621773986351,2.65470483580892,2,FALSE
2020-10-26 09:50:52,0,0.189621773986351,0,0,FALSE
2020-10-26 10:50:54,4,0.188505579333291,17.5590550613456,2,FALSE
2020-10-26 11:50:56,0,0.188505579333291,0,0,FALSE
2020-10-26 12:50:58,7,0.183786547684748,293.0790276889,4,FALSE
2020-10-26 13:51:00,815,0.206856528074349,160570.902150142,580,FALSE
2020-10-26 14:51:02,290,0.196545922313613,19428.1688800891,178,FALSE
2020-10-26 15:51:04,248,0.205309937210241,10044.761870436,173,FALSE
2020-10-26 16:51:06,117,0.191003971717249,16063.6738718871,48,FALSE
2020-10-26 17:51:08,14,0.190456028495712,2006.74509780598,10,FALSE
2020-10-26 18:51:10,118,0.196340354813808,10831.8741629661,86,FALSE
2020-10-26 19:51:12,1744,0.210266593766591,412684.591363439,1182,FALSE
2020-10-26 20:51:14,79,0.194967345339585,4088.68399794732,22,FALSE
2020-10-26 21:51:16,14,0.193029738386893,698.161852943253,5,FALSE
2020-10-26 22:51:18,15,0.193840476693251,2234.68967325708,4,FALSE
2020-10-26 23:51:20,25,0.193578175642245,4513.19227796682,23,FALSE
2020-10-27 00:51:22,36,0.198037293509343,5064.59879323007,21,FALSE
2020-10-27 01:51:24,85,0.200791454544903,5811.85829000042,50,FALSE
2020-10-27 02:51:26,46,0.192373991146418,2575.61823943806,4,FALSE
2020-10-27 03:51:28,83,0.189299670308648,23577.6250636285,37,FALSE
2020-10-27 04:51:30,4,0.188972614900375,2008.11418897921,3,FALSE
2020-10-27 05:51:32,2,0.18903802598203,6.23825485740698,0,FALSE
2020-10-27 06:51:34,26,0.194114362995761,4905.36427904357,24,FALSE
2020-10-27 07:51:36,9,0.194715750006573,1700.01911159491,4,FALSE
2020-10-27 08:51:38,30,0.191107427940749,1288.74483441711,2,FALSE
2020-10-27 09:51:40,40,0.188434596780739,3185.5196007601,13,FALSE
2020-10-27 10:51:42,38,0.18883552145474,3250.55746773508,21,FALSE
2020-10-27 11:51:44,64,0.189503729244743,3618.66423139159,32,FALSE
2020-10-27 12:51:46,53,0.190332284742951,7626.43450645976,13,FALSE
2020-10-27 13:51:48,13,0.190332284742951,2922.75818779094,7,FALSE
2020-10-27 14:51:50,8,0.190468139335866,337.70761889978,4,FALSE
2020-10-27 15:51:52,51,0.185305664803272,6842.3756713937,7,FALSE
2020-10-27 16:51:54,19,0.184762246431415,1195.58869666977,8,FALSE
2020-10-27 17:51:56,51,0.183580700375354,1831.52791943146,6,FALSE
2020-10-27 18:51:58,29,0.183990783846036,1719.36352886438,10,FALSE
2020-10-27 19:52:00,28,0.183580700375354,1169.60439781754,11,FALSE
2020-10-27 20:52:02,8,0.182706641005342,192.984050499552,0,FALSE
2020-10-27 21:52:04,5,0.182515621888573,982.762702336837,2,FALSE
2020-10-27 22:52:06,5,0.181692861759849,38.4412729876118,0,FALSE
2020-10-27 23:52:08,41,0.181144355007367,8983.05730627899,18,FALSE
2020-10-28 00:52:10,17,0.183201255329176,2135.86019998317,12,FALSE
2020-10-28 01:52:12,13,0.18250946855819,263.241953542721,2,FALSE
2020-10-28 02:52:14,57,0.178258684542176,1268.79554126161,9,FALSE
2020-10-28 03:52:16,3,0.178807172802314,5.36558640471973,2,FALSE
2020-10-28 04:52:18,17,0.178670050737281,410.315977201261,14,FALSE
2020-10-28 05:52:20,13,0.178002162938938,686.783555500991,4,FALSE
2020-10-28 06:52:22,12,0.178206606464518,1102.93002366324,8,FALSE
2020-10-28 07:52:24,43,0.175412544948249,1282.28546644584,12,FALSE
2020-10-28 08:52:26,36,0.175548840631969,1120.93659162229,6,FALSE
2020-10-28 09:52:28,129,0.184135468706359,13951.349669517,95,FALSE
2020-10-28 10:52:30,14,0.182091033450552,337.037805000253,0,FALSE
2020-10-28 11:52:32,46,0.176903896193514,1499.4959556258,29,FALSE
2020-10-28 12:52:34,63,0.176772953265242,4700.5388286879,34,FALSE
2020-10-28 13:52:36,12,0.176772953265238,681.468638956632,0,FALSE
2020-10-28 14:52:38,133,0.176903896193587,2219.02433519216,33,FALSE
2020-10-28 15:52:40,137,0.178354030447226,670.300901035223,2,FALSE
2020-10-28 16:52:42,139,0.177557807097015,556.528405567253,4,FALSE
2020-10-28 17:52:44,187,0.178221326555524,1599.26170877999,25,FALSE
2020-10-28 18:52:46,264,0.1801455329852,11015.3995791888,93,FALSE
2020-10-28 19:52:48,207,0.184254864630049,2177.18551524602,57,FALSE
2020-10-28 20:52:50,147,0.186117368676851,575.934809412368,18,FALSE
2020-10-28 21:52:52,182,0.181860216569872,2774.79564597044,24,FALSE
2020-10-28 22:52:54,146,0.181195036553161,454.925393807586,2,FALSE
2020-10-28 23:52:56,125,0.181461108559847,625.16451637743,8,FALSE
2020-10-29 00:52:58,52,0.181328072556504,165.758802154153,6,FALSE
2020-10-29 01:53:00,27,0.180814770105251,392.965987783714,2,FALSE
2020-10-29 02:53:02,21,0.180947526911496,51.5727003058973,2,FALSE
2020-10-29 03:53:04,10,0.180947526911496,23.5194613079183,0,FALSE
2020-10-29 04:53:06,4,0.180682013299007,164.420632102096,2,FALSE
2020-10-29 05:53:08,0,0.180682013299007,0,0,FALSE
2020-10-29 06:53:10,0,0.180682013299007,0,0,FALSE
2020-10-29 07:53:12,13,0.179575559843589,53.1900167439653,2,FALSE
2020-10-29 08:53:14,37,0.179047396432284,147.963791309327,2,FALSE
2020-10-29 09:53:16,16,0.178977760077409,58.0796285822084,4,FALSE
2020-10-29 10:53:18,12,0.178449412446184,25.858653941217,2,FALSE
2020-10-29 11:53:20,17,0.175543500474448,143.788486968756,4,FALSE
2020-10-29 12:53:22,21,0.174618892119804,723.339079657026,7,FALSE
2020-10-29 13:53:24,36,0.176137891559532,1811.9804418813,13,FALSE
2020-10-29 14:53:26,38,0.180889014866727,247.084480720798,7,FALSE
2020-10-29 15:53:28,9,0.182111237940151,17.9710248613692,2,FALSE
2020-10-29 16:53:30,107,0.186592722542705,2477.78105895221,48,FALSE
2020-10-29 17:53:32,140,0.18279025075872,357.539631719937,4,FALSE
2020-10-29 18:53:34,152,0.182359128209112,809.378829535727,29,FALSE
2020-10-29 19:53:36,115,0.181418440001593,326.835936001367,6,FALSE
2020-10-29 20:53:38,46,0.180343367764649,108.133453282781,0,FALSE
2020-10-29 21:53:40,67,0.180074599705387,218.632603023197,4,FALSE
2020-10-29 22:53:42,67,0.179537063586864,157.058243798414,2,FALSE
2020-10-29 23:53:44,73,0.180098883875588,184.265467876887,2,FALSE
2020-10-30 00:53:46,81,0.180098883875588,220.850509062305,6,FALSE
2020-10-30 01:53:48,114,0.180908923833146,516.096977911194,17,FALSE
2020-10-30 02:53:50,160,0.180908923833146,498.647232154217,6,FALSE
2020-10-30 03:53:52,148,0.180638910513993,419.006471620353,2,FALSE
2020-10-30 04:53:54,142,0.178245300906853,359.862087053487,4,FALSE
2020-10-30 05:53:56,136,0.17891089202301,3360.85934384881,30,FALSE
2020-10-30 06:53:58,124,0.182238847603795,3068.82458572373,44,FALSE
2020-10-30 07:54:00,86,0.181307020041175,432.303959190224,8,FALSE
2020-10-30 08:54:02,123,0.181351919809412,602.505607731001,14,FALSE
2020-10-30 09:54:04,162,0.180352552139632,1133.04522127409,26,FALSE
2020-10-30 10:54:06,130,0.183483904171609,622.695868114186,18,FALSE
2020-10-30 11:54:08,148,0.18295090808106,1605.48549399178,23,FALSE
2020-10-30 12:54:10,88,0.183750402216884,341.449421266958,4,FALSE
2020-10-30 13:54:12,144,0.187508878796747,967.521842708791,9,FALSE
2020-10-30 14:54:14,106,0.186899424152822,361.196951480568,6,FALSE
2020-10-30 15:54:16,275,0.194348314245869,15097.8217547557,123,FALSE
2020-10-30 16:54:18,216,0.190488434834018,8198.18275074061,101,FALSE
2020-10-30 17:54:20,54,0.181529490482453,420.065353096015,4,FALSE
2020-10-30 18:54:22,169,0.183293229926527,11203.6874280063,43,FALSE
2020-10-30 19:54:24,121,0.190890876762939,5059.14929521042,52,FALSE
2020-10-30 20:54:26,119,0.189941170908397,835.724735652877,8,FALSE
2020-10-30 21:54:28,90,0.189941170908397,336.892413916021,9,FALSE
2020-10-30 22:54:30,91,0.193342391019423,295.025312938726,4,FALSE
2020-10-30 23:54:32,137,0.193205462980457,839.135827336782,15,FALSE
2020-10-31 00:54:34,147,0.191288470434939,821.58192659747,6,FALSE
2020-10-31 01:54:36,105,0.191699254551836,320.90578447211,4,FALSE
2020-10-31 02:54:38,95,0.189508405928386,781.501216865402,4,FALSE
2020-10-31 03:54:40,94,0.188798503116952,290.865857567842,2,FALSE
2020-10-31 04:54:42,144,0.188526459164334,714.395716915606,4,FALSE
2020-10-31 05:54:44,131,0.188390437187934,392.046756799159,2,FALSE
2020-10-31 06:54:46,128,0.188798503116952,364.637104375095,2,FALSE
2020-10-31 07:54:48,104,0.192759363161404,356.706109265628,5,FALSE
2020-10-31 08:54:50,127,0.191926709324854,397.40888433309,2,FALSE
2020-10-31 09:54:52,130,0.191926709324854,409.982789918831,2,FALSE
2020-10-31 10:54:54,116,0.191787933685429,344.628622941849,2,FALSE
2020-10-31 11:54:56,138,0.191649158046004,429.316747664497,2,FALSE
2020-10-31 12:54:58,147,0.19114335831764,473.416977093842,2,FALSE
2020-10-31 13:55:00,109,0.191281767700926,336.633904061683,2,FALSE
2020-10-31 14:55:02,128,0.191558586467497,738.874963075873,8,FALSE
2020-10-31 15:55:04,142,0.191558586467497,433.942067343166,2,FALSE
2020-10-31 16:55:06,136,0.191906408633169,882.629656897931,9,FALSE
2020-10-31 17:55:08,100,0.191698942245534,317.078625751431,2,FALSE
2020-10-31 18:55:10,148,0.191698942245534,512.924406154547,4,FALSE
2020-10-31 19:55:12,136,0.191284009470111,773.90661026548,2,FALSE
2020-10-31 20:55:14,118,0.191284009470111,426.430314320559,2,FALSE
2020-10-31 21:55:16,132,0.190246384895084,477.066435942668,2,FALSE
2020-10-31 22:55:18,119,0.190246384895084,400.468640204149,2,FALSE
2020-10-31 23:55:20,53,0.190246384895084,198.059022824243,0,FALSE
2020-11-01 00:55:22,65,0.190246384895084,205.470228482885,2,FALSE
2020-11-01 01:55:24,82,0.190246384895084,280.346870903496,0,FALSE
2020-11-01 02:55:26,139,0.189871737645026,768.011697714303,4,FALSE
2020-11-01 03:55:28,136,0.189871737644973,436.938083348165,2,FALSE
2020-11-01 04:55:30,110,0.189871737645026,1177.73076201339,7,FALSE
2020-11-01 05:55:32,138,0.189734547083143,484.141925927819,2,FALSE
2020-11-01 06:55:34,145,0.189948200526799,537.42102197526,2,FALSE
2020-11-01 07:55:36,142,0.189948200526799,504.509567709472,2,FALSE
2020-11-01 08:55:38,111,0.190085644955545,1440.66611278393,6,FALSE
2020-11-01 09:55:40,133,0.191460089243004,656.209870049299,5,FALSE
2020-11-01 10:55:42,141,0.191460089243004,493.969368294928,0,FALSE
2020-11-01 11:55:44,29,0.193003484527967,97.0666406348276,0,FALSE
2020-11-01 12:55:46,48,0.192450069518568,160.894345682626,2,FALSE
2020-11-01 13:55:48,57,0.192173362013868,196.78649117846,2,FALSE
2020-11-01 14:55:50,18,0.192035008261469,290.920032263475,2,FALSE
2020-11-01 15:55:52,24,0.19092817824272,147.344617762286,0,FALSE
2020-11-01 16:55:54,47,0.190214983716128,227.37284489196,6,FALSE
2020-11-01 17:55:56,37,0.190214983716128,737.103382832123,4,FALSE
2020-11-01 18:55:58,32,0.190076746082613,188.529314013051,2,FALSE
2020-11-01 19:56:00,17,0.190076746082613,59.0828068079733,2,FALSE
2020-11-01 20:56:02,39,0.189987139508367,112.079571609374,2,FALSE
2020-11-01 21:56:04,11,0.189849067459305,30.1926291843845,0,FALSE
2020-11-01 22:56:06,15,0.189710995410244,46.5026661238502,0,FALSE
2020-11-01 23:56:08,8,0.189710995410244,175.220610005357,0,FALSE
2020-11-02 00:56:10,74,0.19012683494721,9647.37694941868,44,FALSE
2020-11-02 01:56:12,68,0.192863457256634,1604.21155539315,30,FALSE
2020-11-02 02:56:14,104,0.193342366160783,6262.15481426124,63,FALSE
2020-11-02 03:56:16,17,0.189374263812119,47.5414237459983,2,FALSE
2020-11-02 04:56:18,2,0.189237432696647,30.0887517987669,0,FALSE
2020-11-02 05:56:20,4,0.186863989074414,5.42047490332819,2,FALSE
2020-11-02 06:56:22,11,0.185850260381424,261.167598994036,2,FALSE
2020-11-02 07:56:24,2,0.185850260381424,25.0586974715739,0,FALSE
2020-11-02 08:56:26,19,0.185309605078496,2956.50053559467,8,FALSE
2020-11-02 09:56:28,6,0.181993442990886,177.255313434893,2,FALSE
2020-11-02 10:56:30,2,0.18159109934389,23.6068429147058,2,FALSE
2020-11-02 11:56:32,2,0.181188755696895,2.89902009115032,2,FALSE
2020-11-02 12:56:34,10,0.180652297500898,286.39920532429,2,FALSE
2020-11-02 13:56:36,3,0.17890880836392,593.977243768217,2,FALSE
2020-11-02 14:56:38,2,0.180048778470174,4.32117068328418,2,FALSE
2020-11-02 15:56:40,17,0.178429149278538,417.274651447167,0,FALSE
2020-11-02 16:56:42,69,0.177349396484114,2178.7629799362,2,FALSE
2020-11-02 17:56:44,52,0.177349396484114,1486.58394187422,2,FALSE
2020-11-02 18:56:46,72,0.176809520086902,3830.44271822378,20,FALSE
2020-11-02 19:56:48,13,0.177195812489247,329.059831296801,2,FALSE
2020-11-02 20:56:50,4,0.176923831196092,323.615309770461,0,FALSE
2020-11-02 21:56:52,18,0.176923831196094,2917.75289323972,0,FALSE
2020-11-02 22:56:54,20,0.177535789105689,838.860615248449,11,FALSE
2020-11-02 23:56:56,1,0.176061834107516,6.16216419376307,0,FALSE
2020-11-03 00:56:58,0,0.176061834107516,0,0,FALSE
2020-11-03 01:57:00,1,0.175793037414222,2.63689556121334,0,FALSE
2020-11-03 02:57:02,18,0.173373867174577,612.160411672848,4,FALSE
2020-11-03 03:57:04,13,0.172029883708108,238.238541216798,8,FALSE
2020-11-03 04:57:06,5,0.17249222723195,501.779889017739,2,FALSE
2020-11-03 05:57:08,13,0.171951075146516,1193.86632605584,10,FALSE
2020-11-03 06:57:10,9,0.173574531402817,1546.83507367625,9,FALSE
2020-11-03 07:57:12,94,0.172356939210591,247.639040999629,2,FALSE
2020-11-03 08:57:14,151,0.171274635039724,1147.75437886059,19,FALSE
2020-11-03 09:57:16,142,0.171785325109746,381.266784050911,2,FALSE
2020-11-03 10:57:18,152,0.171650167497543,2123.53220306443,35,FALSE
2020-11-03 11:57:20,126,0.173812689292788,344.719489923216,2,FALSE
2020-11-03 12:57:22,78,0.173542374068382,206.206860312716,2,FALSE
2020-11-03 13:57:24,58,0.175526455662565,244.676138574859,7,FALSE
2020-11-03 14:57:26,74,0.173469505010269,208.806408786209,4,FALSE
2020-11-03 15:57:28,53,0.172920984836324,308.897627526916,7,FALSE
2020-11-03 16:57:30,54,0.171275424314487,1089.59267809924,9,FALSE
2020-11-03 17:57:32,37,0.17072690414045,95.7113338733442,0,FALSE
2020-11-03 18:57:34,67,0.168487887186482,475.945485606005,27,FALSE
2020-11-03 19:57:36,123,0.172860646626708,1531.24401865864,55,FALSE
2020-11-03 20:57:38,57,0.171220861836709,202.230832002972,6,FALSE
2020-11-03 21:57:40,116,0.17135751056922,359.741453209354,2,FALSE
2020-11-03 22:57:42,135,0.174010306083755,4268.35932523413,31,FALSE
2020-11-03 23:57:44,111,0.172219226131983,346.667795702391,14,FALSE
2020-11-04 00:57:46,116,0.170014820037493,286.684252566765,2,FALSE
2020-11-04 01:57:48,109,0.170565921561115,743.459377181292,39,FALSE
2020-11-04 02:57:50,56,0.171392573846549,140.40347722484,2,FALSE
2020-11-04 03:57:52,82,0.171586928346103,202.20489430956,2,FALSE
2020-11-04 04:57:54,42,0.170480807937748,366.440269891651,2,FALSE
2020-11-04 05:57:56,27,0.170480807937748,69.0447272147878,0,FALSE
2020-11-04 06:57:58,27,0.170757338039836,63.8588199452654,2,FALSE
2020-11-04 07:58:00,71,0.170706240049553,203.559021529245,9,FALSE
2020-11-04 08:58:02,57,0.170431350774111,148.59978196313,2,FALSE
2020-11-04 09:58:04,47,0.169744127585505,208.331159847141,0,FALSE
2020-11-04 10:58:06,0,0.169744127585505,0,0,FALSE
2020-11-04 11:58:08,31,0.170019016860948,676.988901198671,12,FALSE
2020-11-04 12:58:10,121,0.173191543904722,290.703407670158,8,FALSE
2020-11-04 13:58:12,185,0.174452647379657,982.636694505067,46,FALSE
2020-11-04 14:58:14,117,0.176694609113151,343.487594230741,4,FALSE
2020-11-04 15:58:16,307,0.180758164754929,21203.7339468276,174,FALSE
2020-11-04 16:58:18,77,0.176429842363182,1256.63244162419,4,FALSE
2020-11-04 17:58:20,94,0.174884676546307,2250.20924651763,18,FALSE
2020-11-04 18:58:22,94,0.174603737306875,272.00888335835,2,FALSE
2020-11-04 19:58:24,82,0.174603737306875,212.942812964018,2,FALSE
2020-11-04 20:58:26,70,0.174182328447727,228.997366740603,2,FALSE
2020-11-04 21:58:28,78,0.175755078798469,309.771928887736,0,FALSE
2020-11-04 22:58:30,84,0.174763712519992,205.836389033784,2,FALSE
2020-11-04 23:58:32,98,0.173205851225244,235.248668654868,2,FALSE
2020-11-05 00:58:34,136,0.173205851225243,348.920000758784,2,FALSE
2020-11-05 01:58:36,149,0.172922603717107,381.25031925048,2,FALSE
2020-11-05 02:58:38,144,0.174713465695435,369.255834808013,2,FALSE
2020-11-05 03:58:40,115,0.174570140456964,316.667941585118,2,FALSE
2020-11-05 04:58:42,50,0.173280213310731,158.481882438636,2,FALSE
2020-11-05 05:58:44,52,0.17313688807226,128.135629697294,2,FALSE
2020-11-05 06:58:46,22,0.175190081505762,58.2138348579151,2,FALSE
2020-11-05 07:58:48,31,0.173808341552002,1836.34897942739,15,FALSE
2020-11-05 08:58:50,29,0.171190307955402,246.918093307521,4,FALSE
2020-11-05 09:58:52,30,0.171044861644383,82.4178793155887,2,FALSE
2020-11-05 10:58:54,24,0.169881291157103,676.719796092534,2,FALSE
2020-11-05 11:58:56,15,0.173416062785309,526.57370312718,5,FALSE
2020-11-05 12:58:58,6,0.170883353964562,141.136837847752,0,FALSE
2020-11-05 13:59:00,33,0.166711833553918,1363.43567218189,11,FALSE
2020-11-05 14:59:02,63,0.170585388220944,8354.97509423258,27,FALSE
2020-11-05 15:59:04,12,0.173867821881746,283.899493096058,0,FALSE
2020-11-05 16:59:06,8,0.171835600587024,102.565305535137,2,FALSE
2020-11-05 17:59:08,27,0.172211937863824,334.19307159037,12,FALSE
2020-11-05 18:59:10,28,0.172513007685264,1764.37708717086,7,FALSE
2020-11-05 19:59:12,46,0.173566752060305,352.843895423865,5,FALSE
2020-11-05 20:59:14,19,0.180794627924723,1839.24570239157,13,FALSE
2020-11-05 21:59:16,42,0.183068281094635,7387.6463938414,31,FALSE
2020-11-05 22:59:18,21,0.178128965587585,135.362647087205,4,FALSE
2020-11-05 23:59:20,57,0.173111248246947,2027.68795875786,6,FALSE
2020-11-06 00:59:22,68,0.173895266581542,188.129769131144,2,FALSE
2020-11-06 01:59:24,51,0.170461134437133,5012.68812963168,9,FALSE
2020-11-06 02:59:26,151,0.16627708841004,6729.27312897988,53,FALSE
2020-11-06 03:59:28,70,0.167826735086741,2716.31336379312,6,FALSE
2020-11-06 04:59:30,110,0.168291629089751,4602.23677856117,13,FALSE
2020-11-06 05:59:32,71,0.167148192111963,549.693852455937,2,FALSE
2020-11-06 06:59:34,82,0.166686031212232,4936.32316322736,10,FALSE
2020-11-06 07:59:36,97,0.16915088934476,12227.307276184,47,FALSE
2020-11-06 08:59:38,48,0.169304942978043,1033.86209780493,5,FALSE
2020-11-06 09:59:40,45,0.170537372044308,465.739368408981,6,FALSE
2020-11-06 10:59:42,62,0.174378591547263,7387.41857914307,20,FALSE
2020-11-06 11:59:44,59,0.17789586479676,3796.03153625868,20,FALSE
2020-11-06 12:59:46,149,0.18086600665189,3527.26980904136,16,FALSE
2020-11-06 13:59:48,187,0.183054532229355,10283.0709961026,50,FALSE
2020-11-06 14:59:50,175,0.182796319137126,3414.66145186936,38,FALSE
2020-11-06 15:59:52,142,0.18117660491686,10485.2756917976,25,FALSE
2020-11-06 16:59:54,139,0.185264455091721,8315.7878899133,54,FALSE
2020-11-06 17:59:56,74,0.187038427809085,4074.95832941316,21,FALSE
2020-11-06 18:59:58,73,0.185727230583207,4615.53933727422,12,FALSE
2020-11-06 20:00:00,70,0.18823470580214,1153.63208343419,18,FALSE
2020-11-06 21:00:02,2318,0.208750962588698,262840.823284921,785,TRUE
2020-11-06 22:00:04,78,0.178873676089643,7245.1541383587,19,FALSE
2020-11-06 23:00:06,146,0.17988778764183,11715.29904193,80,FALSE
2020-11-07 00:00:08,68,0.183944233850579,5272.6484513234,25,FALSE
2020-11-07 01:00:10,32,0.185501597709685,2049.59103944361,3,FALSE
2020-11-07 02:00:12,43,0.184489629279084,2704.4733315895,14,FALSE
2020-11-07 03:00:14,26,0.185423753984294,2802.17514706943,11,FALSE
2020-11-07 04:00:16,14,0.185735128886031,284.159645512887,10,FALSE
2020-11-07 05:00:18,16,0.181911470702195,1939.67643155776,6,FALSE
2020-11-07 06:00:20,8,0.181215084808482,827.19440108005,0,FALSE
2020-11-07 07:00:22,55,0.18075082754595,2445.03269321825,8,FALSE
2020-11-07 08:00:24,49,0.18152458965017,2049.16764406821,9,FALSE
2020-11-07 09:00:26,16,0.18123513096215,171.823471927271,2,FALSE
2020-11-07 10:00:28,5,0.181389900501827,929.875514421536,0,FALSE
2020-11-07 11:00:30,33,0.182008978660537,3042.63388147856,13,FALSE
2020-11-07 12:00:32,24,0.182782826358923,1194.81295306244,6,FALSE
2020-11-07 13:00:34,132,0.186497295311179,6913.30275349742,27,FALSE
2020-11-07 14:00:36,107,0.185591234639417,3258.27485124463,20,FALSE
2020-11-07 15:00:38,27,0.178875762333378,1809.23264052183,11,FALSE
2020-11-07 16:00:40,52,0.175060153068595,1446.70122581687,11,FALSE
2020-11-07 17:00:42,22,0.177349518627469,880.305013205929,12,FALSE
2020-11-07 18:00:44,36,0.178417889221611,333.385196526186,4,FALSE
2020-11-07 19:00:46,85,0.169982118193254,1079.62202679027,4,FALSE
2020-11-07 20:00:48,112,0.166428485060294,2958.46532540214,4,FALSE
2020-11-07 21:00:50,123,0.169093709910014,2044.57823293905,10,FALSE
2020-11-07 22:00:52,44,0.16990808416965,1594.49371689229,4,FALSE
2020-11-07 23:00:54,8,0.169093709910014,502.758533490722,4,FALSE
2020-11-08 00:00:56,46,0.171209364318435,122.757114216343,2,FALSE
2020-11-08 01:00:58,19,0.172409780545133,437.662302939833,8,FALSE
2020-11-08 02:01:00,12,0.173009988658432,78.0524135216533,2,FALSE
2020-11-08 03:01:02,28,0.17293496264427,3864.29858846483,14,FALSE
2020-11-08 04:01:04,31,0.172918666065635,825.176265665631,4,FALSE
2020-11-08 05:01:06,37,0.172918666065635,178.93770410479,4,FALSE
2020-11-08 06:01:08,25,0.170521180227636,679.185561160942,5,FALSE
2020-11-08 07:01:10,4,0.171570080281761,5.48964319755684,4,FALSE
2020-11-08 08:01:12,21,0.171573279716465,614.547096733593,15,FALSE
2020-11-08 09:01:14,16,0.174615359144062,1737.94362748142,12,FALSE
2020-11-08 10:01:16,2,0.173246423401474,3.11843562122654,2,FALSE
2020-11-08 11:01:18,13,0.173550631344403,777.078199431573,8,FALSE
2020-11-08 12:01:20,18,0.174159047229923,68.6743346621145,2,FALSE
2020-11-08 13:01:22,41,0.174914941642546,274.778701931902,5,FALSE
2020-11-08 14:01:24,38,0.174914941642546,90.7980544257611,2,FALSE
2020-11-08 15:01:26,17,0.174454235035937,54.8081150241057,2,FALSE
2020-11-08 16:01:28,4,0.175068510511346,151.278542759339,2,FALSE
2020-11-08 17:01:30,11,0.174300666167067,474.665754664308,2,FALSE
2020-11-08 18:01:32,51,0.170735638850477,2937.19676744421,16,FALSE
2020-11-08 19:01:34,18,0.170812270645293,340.306474419742,4,FALSE
2020-11-08 20:01:36,7,0.171348693209006,461.729859833182,2,FALSE
2020-11-08 21:01:38,21,0.169816057312683,121.810529240848,2,FALSE
2020-11-08 22:01:40,24,0.17116755704269,5721.44193096382,7,FALSE
2020-11-08 23:01:42,21,0.170857470888682,1793.99662243577,4,FALSE
2020-11-09 00:01:44,132,0.170857470888682,886.557710410547,2,FALSE
2020-11-09 01:01:46,83,0.171477643196808,2154.96496856197,10,FALSE
2020-11-09 02:01:48,75,0.171477643196808,1610.56519847912,4,FALSE
2020-11-09 03:01:50,84,0.171611337251757,1914.43800165336,8,FALSE
2020-11-09 04:01:52,71,0.171149188228637,197.622008570976,2,FALSE
2020-11-09 05:01:54,36,0.171149188228637,480.283904836519,2,FALSE
2020-11-09 06:01:56,45,0.173151833995489,11285.0114932927,20,FALSE
2020-11-09 07:01:58,26,0.171919436600503,68.9493992062874,0,FALSE
2020-11-09 08:02:00,19,0.170681445928245,235.221584064867,2,FALSE
2020-11-09 09:02:02,15,0.170218057387333,2090.47035988664,2,FALSE
2020-11-09 10:02:04,115,0.170372520234327,999.523522235267,2,FALSE
2020-11-09 11:02:06,57,0.172689462939236,3765.98647587194,24,FALSE
2020-11-09 12:02:08,105,0.169832269682878,1055.50113101354,4,FALSE
2020-11-09 13:02:10,62,0.16846997874973,1091.97245158819,11,FALSE
2020-11-09 14:02:12,41,0.16771315045346,187.124736693174,2,FALSE
2020-11-09 15:02:14,64,0.167259053475698,741.307261570191,4,FALSE
2020-11-09 16:02:16,103,0.170323752011801,2309.36399724394,2,FALSE
2020-11-09 17:02:18,237,0.171403703337963,10335.4515427794,52,FALSE
2020-11-09 18:02:20,127,0.17526067235997,768.796830019351,4,FALSE
2020-11-09 19:02:22,114,0.17556922988173,823.528917507956,9,FALSE
2020-11-09 20:02:24,118,0.174026442272928,2372.32954101587,21,FALSE
2020-11-09 21:02:26,86,0.172285252330122,548.262767656366,6,FALSE
2020-11-09 22:02:28,59,0.169992192183758,2979.98881125491,8,FALSE
2020-11-09 23:02:30,100,0.16754626136097,3499.60969304044,0,FALSE
2020-11-10 00:02:32,68,0.16754626136097,907.741031874825,0,FALSE
2020-11-10 01:02:34,7,0.168911682059632,26.7362618510176,0,FALSE
2020-11-10 02:02:36,18,0.168757706050461,3638.131594783,2,FALSE
2020-11-10 03:02:38,52,0.169681562105364,2040.66560617299,6,FALSE
2020-11-10 04:02:40,50,0.171221322197183,1255.1352847743,4,FALSE
2020-11-10 05:02:42,91,0.171067346188013,293.313365172443,4,FALSE
2020-11-10 06:02:44,121,0.170979051188168,312.504714080584,2,FALSE
2020-11-10 07:02:46,13,0.170825016006918,429.472574463141,0,FALSE
2020-11-10 08:02:48,42,0.171903262275672,10598.2341462035,22,FALSE
2020-11-10 09:02:50,49,0.174521860356932,3436.68231765616,7,FALSE
2020-11-10 10:02:52,24,0.173982737222555,1570.55503084563,9,FALSE
2020-11-10 11:02:54,22,0.1747949766936,5383.64940319424,15,FALSE
2020-11-10 12:02:56,40,0.172495042789745,318.851950077784,4,FALSE
2020-11-10 13:02:58,12,0.173338351887828,602.967538418756,2,FALSE
2020-11-10 14:03:00,1169,0.195801039682226,492395.714735745,709,FALSE
2020-11-10 15:03:02,733,0.200554236416877,221490.045812977,366,FALSE
2020-11-10 16:03:04,38,0.184354817332887,7890.71494411461,0,FALSE
2020-11-10 17:03:06,59,0.184584399919911,4992.76680306221,19,FALSE
2020-11-10 18:03:08,42,0.183742597101039,1693.96991404975,6,FALSE
2020-11-10 19:03:10,67,0.182135518992214,3716.58301579835,19,FALSE
2020-11-10 20:03:12,33,0.180107442142454,3887.11207871414,5,FALSE
2020-11-10 21:03:14,11,0.181793554366767,3063.69104997596,7,FALSE
2020-11-10 22:03:16,7,0.181027139719352,1492.46698712088,6,FALSE
2020-11-10 23:03:18,56,0.181486988507801,3859.01056596911,12,FALSE
2020-11-11 00:03:20,5,0.181486988507801,128.505816912529,2,FALSE
2020-11-11 01:03:22,14,0.183847233665848,1127.96652456624,2,FALSE
2020-11-11 02:03:24,12,0.183231330035554,309.872048729406,2,FALSE
2020-11-11 03:03:26,8,0.183385305943127,445.320035361662,2,FALSE
2020-11-11 04:03:28,4,0.18261542640519,291.636835969089,2,FALSE
2020-11-11 05:03:30,9,0.181739673615462,1444.87916976317,0,FALSE
2020-11-11 06:03:32,14,0.180507540235018,1899.47360710948,6,FALSE
2020-11-11 07:03:34,11,0.180815573580126,454.043306926953,6,FALSE
2020-11-11 08:03:36,16,0.180353523562462,238.586457372322,0,FALSE
2020-11-11 09:03:38,6,0.17973745687224,5312.05075168143,6,FALSE
2020-11-11 10:03:40,79,0.183199342557959,13188.6863330589,51,FALSE
2020-11-11 11:03:42,26,0.179441407326001,4128.82872077274,10,FALSE
2020-11-11 12:03:44,47,0.174900568920718,3845.79121684289,22,FALSE
2020-11-11 13:03:46,10,0.174039375430061,278.97126142822,4,FALSE
2020-11-11 14:03:48,20,0.172473569083359,574.716157605579,4,FALSE
2020-11-11 15:03:50,11,0.174651684890518,1154.7969404961,2,FALSE
2020-11-11 16:03:52,5,0.174651684890518,101.82193229117,2,FALSE
2020-11-11 17:03:54,18,0.174413523502031,3296.3365246074,11,FALSE
2020-11-11 18:03:56,38,0.174492910631527,2645.79027691925,7,FALSE
2020-11-11 19:03:58,10,0.172434338960104,906.6393655907,3,FALSE
2020-11-11 20:04:00,15,0.170695770922926,463.025080811256,2,FALSE
2020-11-11 21:04:02,23,0.170379667643439,55.7350141358507,2,FALSE
2020-11-11 22:04:04,15,0.170379667643439,500.330009339903,4,FALSE
2020-11-11 23:04:06,19,0.170379667643439,562.585918931937,5,FALSE
2020-11-12 00:04:08,2,0.168580329022745,204.993680091658,2,FALSE
2020-11-12 01:04:10,17,0.168266982686272,1320.10931478268,4,FALSE
2020-11-12 02:04:12,108,0.168423655854508,1249.96015709002,2,FALSE
2020-11-12 03:04:14,88,0.168423655854508,2720.08199370821,14,FALSE
2020-11-12 04:04:16,130,0.170765807578416,1934.90918878778,4,FALSE
2020-11-12 05:04:18,141,0.171561547595091,3467.12646575801,8,FALSE
2020-11-12 06:04:20,101,0.171243251588421,324.4273426464,2,FALSE
2020-11-12 07:04:22,99,0.169651771554912,468.406313191469,2,FALSE
2020-11-12 08:04:24,88,0.169492623551653,1238.69257021015,6,FALSE
2020-11-12 09:04:26,147,0.169995671769958,3033.74767432627,11,FALSE
2020-11-12 10:04:28,110,0.169995671769958,2705.29478700776,7,FALSE
2020-11-12 11:04:30,46,0.168092735145668,248.595834724073,2,FALSE
2020-11-12 12:04:32,66,0.168092735145668,678.583870082928,4,FALSE
2020-11-12 13:04:34,123,0.171377489166705,499.434302152038,7,FALSE
2020-11-12 14:04:36,94,0.172506033309854,2067.21621571252,7,FALSE
2020-11-12 15:04:38,145,0.176536548106813,8389.93588463002,48,FALSE
2020-11-12 16:04:40,145,0.173634577453002,758.501289874983,10,FALSE
2020-11-12 17:04:42,143,0.173634577453002,1244.78875301153,10,FALSE
2020-11-12 18:04:44,94,0.173441730011674,551.811485178255,15,FALSE
2020-11-12 19:04:46,104,0.171665324955688,751.922222804062,14,FALSE
2020-11-12 20:04:48,90,0.171826816324414,213.808919995255,2,FALSE
2020-11-12 21:04:50,102,0.171503833586962,766.568359507912,2,FALSE
2020-11-12 22:04:52,127,0.174646629665333,368.371406819695,4,FALSE
2020-11-12 23:04:54,120,0.174974912803802,298.607491742061,2,FALSE
2020-11-13 00:04:56,139,0.174646629665334,391.986645630069,4,FALSE
2020-11-13 01:04:58,90,0.174154204957631,237.837522706026,0,FALSE
2020-11-13 02:05:00,127,0.17415420495763,317.831424047676,2,FALSE
2020-11-13 03:05:02,32,0.173247296292476,641.760807500108,0,FALSE
2020-11-13 04:05:04,29,0.172430862285442,158.667907655277,2,FALSE
2020-11-13 05:05:06,38,0.172594149086849,1147.18726210229,6,FALSE
2020-11-13 06:05:08,50,0.172430862285442,127.305574995901,2,FALSE
2020-11-13 07:05:10,122,0.172594149086849,329.52066402818,2,FALSE
2020-11-13 08:05:12,125,0.171709194943551,2468.52247457224,10,FALSE
2020-11-13 09:05:14,56,0.173803209516124,1758.71886512279,14,FALSE
2020-11-13 10:05:16,31,0.174930755824384,83.5268586574307,2,FALSE
2020-11-13 11:05:18,38,0.175333450934459,1362.44545341146,18,FALSE
2020-11-13 12:05:20,56,0.179542313107934,10390.7471390382,32,FALSE
2020-11-13 13:05:22,103,0.184704356252097,19798.9696984228,55,FALSE
2020-11-13 14:05:24,29,0.187446691672434,1662.06013331139,17,FALSE
2020-11-13 15:05:26,7,0.183413845466057,1271.89726503224,2,FALSE
2020-11-13 16:05:28,20,0.185672239341628,5104.30140883337,18,FALSE
2020-11-13 17:05:30,3,0.18724062481928,6.55342186867319,0,FALSE
2020-11-13 18:05:32,12,0.186592172438954,369.138650477047,8,FALSE
2020-11-13 19:05:34,23,0.186105833153709,7430.90503592312,8,FALSE
2020-11-13 20:05:36,32,0.185943720058627,2369.88367574837,4,FALSE
